Ns,probability
100,0.7825
600,0.88275
1100,0.90175
1600,0.912
2100,0.92375
2600,0.90875
3100,0.91225
3600,0.92325
4100,0.921
4600,0.92125
5100,0.9225
5600,0.9175
