Ns,probability
100,0.46425
600,0.4735
1100,0.46825
1600,0.481
2100,0.465
2600,0.47575
3100,0.467
3600,0.474
4100,0.471
4600,0.47125
5100,0.479
5600,0.4715
