Ns,probability
100,0.3065
600,0.3075
1100,0.30525
1600,0.315
2100,0.301
2600,0.29825
3100,0.31475
3600,0.2975
4100,0.28325
4600,0.30375
5100,0.291
5600,0.3055
