Ns,probability
100,0.21725
600,0.2125
1100,0.21825
1600,0.207
2100,0.2035
2600,0.215
3100,0.21625
3600,0.2225
4100,0.212
4600,0.2135
5100,0.2175
5600,0.21775
