Ns,probability
100,0.17
600,0.1635
1100,0.1625
1600,0.173
2100,0.1595
2600,0.16
3100,0.16225
3600,0.1635
4100,0.16675
4600,0.1505
5100,0.16625
5600,0.16125
